{
    "camera_matrix": [
        [
            1271.9902236379626,
            0.0,
            1056.8695918144876
        ],
        [
            0.0,
            1266.9312939694926,
            617.4714043364414
        ],
        [
            0.0,
            0.0,
            1.0
        ]
    ],
    "distortion_coefficients": [
        -0.39979588271535194,
        0.1831113208136184,
        0.0020714621118227456,
        -0.011990380466787362,
        -0.04702293537360844
    ]
}