{
    "camera_matrix": [
        [
            1313.4094321782484,
            0.0,
            754.9153940097137
        ],
        [
            0.0,
            1317.985344203027,
            999.2954811362683
        ],
        [
            0.0,
            0.0,
            1.0
        ]
    ],
    "distortion_coefficients": [
        0.09543007219679255,
        -0.19452600584199517,
        -0.0030577463051960794,
        0.0001029969786459276,
        0.13634109940856992
    ]
}